stock name,concentration (mM)
SDBS_1,7.183769513314967
NaOleate_1,0.38239159001314066
DTAB_1,32.740280462334766
TTAB_1,17.01239632569339
