stock name,concentration (mM)
SDBS_1,7.183769513314967
NaOleate_1,0.38239159001314066
DTAB_1,32.740280462334766
TTAB_1,17.01239632569339
SDS_1,32.64026631527845
SOS_1,343.5804701627486
BDDAB_1,10.51875860023879
C12E3_1,0.4445867791948458
C12E4_1,0.37236140570568005
SDS_2,25.327692627782785
CTAB_1,1.140348470297709
SOS_4,624.6447946267115
NaOleate_2,0.18068331143232588
16-BAC_1,0.8203961093500232
