,time (s),surface tension (mN/m)
0,0.0,38.29778158906102
1,0.298038,37.74354166001821
2,0.652689,37.913959935203174
3,0.939759,37.53401923218014
4,1.553555,37.365593470945136
5,2.571279,37.365593470945136
6,2.915192,37.365593470945136
7,3.203963,37.70349278845193
8,3.494746,37.15791762128424
9,3.882485,36.991460034493755
10,4.203667,37.15791762128424
11,4.523394,37.15791762128424
12,5.95126,37.15791762128424
13,6.771104,36.62110028654627
14,7.05104,37.32540875042817
