,time (s),surface tension (mN/m)
0,0.007494,36.46512547552984
1,0.285868,35.89228959272777
2,0.53865,36.42542059805588
3,0.801352,36.22026076474272
4,1.090451,36.22026076474272
