solution,needle mu,needle std
water,72.76503584,0.075606806
SDS,37.38764572,0.235636087
