Concentration,Surface Tension
0.40577109375,70.45432889999246
0.8115421875,68.4976996958526
1.623084375,62.95827745257159
3.24616875,53.368284380171666
6.4923375,41.21360683297469
12.984675,37.565661098114965
25.96935,37.12032583489757
51.9387,36.3734493700017
