surfactant,SMILES,type,pCMC,AW_ST_CMC,Gamma_max,pC20,CMC,C20,Temp_Celsius,K_L,CMC / mM,,log KL,C20 / mM
C12E3,CCCCCCCCCCCCOCCOCCOCCO,non-ionic,4.283996656,27.7,3.98E-06,5.353446115,5.20E-05,0.004731816,25,1689533.665,0.05,3.98,6.23,0.00
C12E4,CCCCCCCCCCCCOCCOCCOCCOCCO,non-ionic,5.397940009,28.4,3.63E-06,6.537300067,4.00E-06,0.001448394,24.85,31426097.89,0.004,3.63,7.50,0.00
CTAB,CCCCCCCCCCCCCCCC[N+](C)(C)C.[Br-],cationic,3.008773924,37,4.24E-06,3.318610347,0.00098,0.036203107,25,27404.4432,0.98,4.24,4.44,0.48
DTAB,CCCCCCCCCCCC[N+](C)(C)C.[Br-],cationic,1.853871964,35.8,3.42E-06,2.268726627,0.014,0.103443819,25,5018.493108,14.00,3.42,3.70,5.39
SDBS,CCCCCCCCCCCCc1ccc(S(=O)(=O)[O-])cc1.[Na+],anionic,2.921180817,,,,0.001199,,25,,1.20,0,#NUM!,1000.00
SDS,CCCCCCCCCCCCOS(=O)(=O)[O-].[Na+],anionic,2.091514981,39.5,1.95E-06,2.5,0.0081,0.00315,25,101898.438,8.10,1.95,5.01,3.16
SOS,CCCCCCCCOS(=O)(=O)[O-].[Na+],anionic,0.853871964,,,,0.14,,25,,140.00,0,#NUM!,1000.00
TTAB,CCCCCCCCCCCCCC[N+](C)(C)C.[Br-],cationic,2.443697499,38.1,2.70E-06,2.894574522,0.0036,0.055322559,25,43513.64778,3.60,2.7,4.64,1.27
